,exchange,base_currency,open_price,high_price,low_price,close_price,krw_volume,base_volume,etime_date
0,Bithumb,BTC,50993000,51121000,50790000,50904000,104495215386.9226,2029.43306792,2021-09-28
1,Bithumb,ETH,3515000,3521000,3477000,3505000,98353012718.6844,27514.4004319,2021-09-28
2,Bithumb,LTC,177800,178700,176400,178300,16451061682.728,91947.05164724,2021-09-28
3,Bithumb,ETC,56050,56150,55500,56100,13783251265.321,243536.1436104,2021-09-28
4,Bithumb,XRP,1127,1129,1119,1126,85619593482.1784,75514059.36928922,2021-09-28
5,Bithumb,BCH,595500,597000,591500,595500,6925032828.6739,11553.20958524,2021-09-28
6,Bithumb,QTUM,11070,11090,10920,11010,4884895409.5866,435277.79626671,2021-09-28
7,Bithumb,BTG,61650,62050,61350,61700,5066396810.888,81449.60596948,2021-09-28
8,Bithumb,EOS,4630,4641,4590,4629,15092998847.9952,3222672.84422052,2021-09-28
9,Bithumb,ICX,1776,1784,1757,1783,1010647639.176,558419.9597994,2021-09-28
10,Bithumb,TRX,104.1,104.4,103.2,104.2,7237717086.6745,68939492.63197913,2021-09-28
11,Bithumb,ELF,707.7,710.3,703,710.1,544489916.7309,749514.46822269,2021-09-28
12,Bithumb,OMG,11490,11490,11110,11220,16328175388.5957,1414373.82396689,2021-09-28
13,Bithumb,KNC,1677,1683,1663,1681,274814238.688,161965.62955083,2021-09-28
14,Bithumb,GLM,527.7,528.5,524.3,528.5,473390865.4497,880439.89499654,2021-09-28
15,Bithumb,ZIL,93.8,94.8,93.32,94.64,207569667.6852,2152605.06489458,2021-09-28
16,Bithumb,WAXP,245.4,246.9,244.1,246.2,1278861210.178,5137516.86850064,2021-09-28
17,Bithumb,POWR,329.8,330.7,326.7,328.7,645943186.8459,1924014.01011781,2021-09-28
18,Bithumb,LRC,440.9,443.8,437.6,442.3,233197831.9806,523272.98567269,2021-09-28
19,Bithumb,STEEM,534.9,534.9,527.3,532.5,734188049.1073,1349726.28597446,2021-09-28
20,Bithumb,STRAX,2090,2107,2080,2107,204173933.967,95891.72814271,2021-09-28
21,Bithumb,ZRX,1013,1018,1006,1018,118093599.8113,113692.44651286,2021-09-28
22,Bithumb,REP,23570,23610,23270,23360,949394555.2809,39534.44579437,2021-09-28
23,Bithumb,XEM,169.1,169.6,167.7,169.1,1614261352.9319,9399901.69386151,2021-09-28
24,Bithumb,SNT,84.52,84.52,83.04,83.84,604147744.4343,7055750.07620758,2021-09-28
25,Bithumb,ADA,2565,2568,2540,2556,18619606707.827,7137088.93706533,2021-09-28
26,Bithumb,CTXC,230.4,230.8,226.4,229.5,569673833.1829,2473241.73619284,2021-09-28
27,Bithumb,BAT,727.3,727.3,720,726.3,134353140.4517,180337.63584454,2021-09-28
28,Bithumb,WTC,987.9,1001,980,1000,319658705.8677,316698.85005716,2021-09-28
29,Bithumb,THETA,5920,5940,5855,5920,1315993704.6619,219013.22432028,2021-09-28
30,Bithumb,LOOM,109.4,154.1,109.4,126.4,2970303846.0692,22828515.08094012,2021-09-28
31,Bithumb,WAVES,29090,29160,28820,29030,1344497357.716,45522.22620238,2021-09-28
32,Bithumb,TRUE,156.2,158,153.8,153.8,528382347.3987,3381073.39889176,2021-09-28
33,Bithumb,LINK,28170,28170,27700,27880,7743002227.2619,273487.18378972,2021-09-28
34,Bithumb,ENJ,1526,1526,1505,1521,697099342.8244,451856.65452997,2021-09-28
35,Bithumb,VET,104.6,104.6,103.3,103.6,4095220190.6163,38638295.85779242,2021-09-28
36,Bithumb,MTL,3387,3404,3339,3401,2817700955.3225,820438.54757179,2021-09-28
37,Bithumb,IOST,65.84,66.2,65.2,65.76,4222843163.3619,62739851.90668012,2021-09-28
38,Bithumb,TMTG,2.292,2.421,2.292,2.331,312197955.7753,133349656.81424099,2021-09-28
39,Bithumb,QKC,19.93,20,19.79,19.96,420447996.3302,20660553.92887433,2021-09-28
40,Bithumb,HDAC,129.7,134.2,112.3,114.1,12995883456.6885,93869913.36653724,2021-09-28
41,Bithumb,AMO,2.505,2.505,2.404,2.426,2688455377.7381,1047415808.02438041,2021-09-28
42,Bithumb,BSV,156700,156700,154000,155900,1834539784.7107,11686.48827637,2021-09-28
43,Bithumb,ORBS,118.9,119.6,118,118.7,827221432.6763,6842048.54446066,2021-09-28
44,Bithumb,TFUEL,316.2,316.2,311.3,312,1264498501.3605,3951218.44318536,2021-09-28
45,Bithumb,VALOR,390,390,388,388,26358000.3106,68022.78840116,2021-09-28
46,Bithumb,CON,2.602,2.602,2.566,2.599,146159768.0851,56668425.97224453,2021-09-28
47,Bithumb,ANKR,92.61,92.61,91.21,92.42,1184611065.2484,12745404.08092202,2021-09-28
48,Bithumb,MIX,4.701,4.701,4.5,4.638,3086532786.6294,646540316.6146906,2021-09-28
49,Bithumb,CRO,183.2,183.5,180.1,182.6,597582850.055,3226985.07849661,2021-09-28
50,Bithumb,FX,797,803.3,788.3,795.9,968988960.896,1192544.26690266,2021-09-28
51,Bithumb,CHR,317.7,317.7,314,315.8,280122335.161,868086.33542931,2021-09-28
52,Bithumb,MBL,8.683,8.692,8.602,8.647,489091659.6666,55620786.1292784,2021-09-28
53,Bithumb,MXC,25.43,25.43,25.22,25.39,184541894.6348,7145583.22128527,2021-09-28
54,Bithumb,FCT,150.3,151.5,149.6,150.7,259876371.5941,1686384.77217822,2021-09-28
55,Bithumb,TRV,17.23,17.37,17.22,17.22,142802080.7354,8151498.30524833,2021-09-28
56,Bithumb,DAD,202,205,200.6,203,43438810.217,211528.68346156,2021-09-28
57,Bithumb,WOM,151.1,151.1,147.8,148.1,109593042.3149,723302.34477687,2021-09-28
58,Bithumb,SOC,23.45,23.69,22.92,23.41,1702078174.9152,71713690.67240669,2021-09-28
59,Bithumb,EM,4.549,4.549,4.48,4.501,364598604.2333,79856629.08321222,2021-09-28
60,Bithumb,BOA,102.2,105.7,101.8,104.9,480591116.8246,4496604.3203511,2021-09-28
61,Bithumb,FLETA,11.8,11.8,11.51,11.56,544459883.3392,45201388.46100527,2021-09-28
62,Bithumb,SXP,2493,2496,2465,2489,2802114793.3647,1108822.23808378,2021-09-28
63,Bithumb,COS,20.11,20.11,19.66,19.8,696697623.6525,34323885.89661802,2021-09-28
64,Bithumb,APIX,59.09,59.09,57,57.9,501054118.6083,8326105.54630044,2021-09-28
65,Bithumb,EL,7.171,7.182,7.11,7.12,408845467.2442,56751105.01408809,2021-09-28
66,Bithumb,BASIC,13.86,14.79,13.64,14.19,2940392080.5659,204759952.91063787,2021-09-28
67,Bithumb,HIVE,645.3,646.4,640.4,643.5,1636484904.8551,2467012.35886076,2021-09-28
68,Bithumb,XPR,9.726,10.63,9.555,9.578,1087865059.7502,110405588.13260349,2021-09-28
69,Bithumb,VRA,32.94,33.34,32.14,32.9,1074139161.585,31012918.95319493,2021-09-28
70,Bithumb,FIT,1.31,1.318,1.252,1.283,886593037.6081,664795917.82175761,2021-09-28
71,Bithumb,EGG,4.702,4.728,4.685,4.71,216595746.1741,46226316.67655089,2021-09-28
72,Bithumb,BORA,170.3,170.7,170,170.7,756897639.8638,4332314.19582619,2021-09-28
73,Bithumb,ARPA,83.51,86.89,83.19,83.35,826936861.6034,9978002.88246383,2021-09-28
74,Bithumb,APM,32.17,32.42,32.17,32.2,39378751.3404,1212987.10162496,2021-09-28
75,Bithumb,CKB,14.18,14.21,13.85,14.07,1004988636.1461,71222141.60082232,2021-09-28
76,Bithumb,AERGO,296.6,296.6,291.5,293.7,2440042640.9409,7990024.3054777,2021-09-28
77,Bithumb,ANW,47.42,47.58,46.4,47.12,14626452439.216,314189332.65940498,2021-09-28
78,Bithumb,CENNZ,78.02,87.35,78.02,80.3,318988644.859,3923709.51256776,2021-09-28
79,Bithumb,EVZ,46.36,46.48,45.7,46.12,279182670.6325,5994629.71623888,2021-09-28
80,Bithumb,CYCLUB,28.83,29.38,28.15,28.6,296295956.9626,10315120.98208075,2021-09-28
81,Bithumb,SRM,8795,8795,8665,8695,5538927471.1599,615603.68594591,2021-09-28
82,Bithumb,QTCON,14.78,15.12,14.56,14.59,876549529.9141,58273609.40670641,2021-09-28
83,Bithumb,UNI,29820,29970,28790,29720,44193472487.6549,1553267.68567589,2021-09-28
84,Bithumb,YFI,35400000,35413000,34900000,35343000,1793999090.6999,50.40869124,2021-09-28
85,Bithumb,UMA,11120,12400,10860,10960,309855488.4769,27628.54250021,2021-09-28
86,Bithumb,AAVE,325800,327800,324500,327800,202625281.9899,608.39448364,2021-09-28
87,Bithumb,COMP,402300,403200,399600,399600,239491387.6299,583.96071392,2021-09-28
88,Bithumb,REN,1202,1208,1180,1194,2305654312.8045,1856293.13511736,2021-09-28
89,Bithumb,BAL,23690,23740,23390,23710,451995155.6405,18877.97311997,2021-09-28
90,Bithumb,RSR,34.98,34.98,34.36,34.48,285104407.0241,8054547.94519775,2021-09-28
91,Bithumb,NMR,50200,51950,48810,49590,579015046.3939,11568.36844099,2021-09-28
92,Bithumb,RLC,3930,4060,3886,3966,695839442.557,173654.41173821,2021-09-28
93,Bithumb,UOS,635.5,635.5,623,624.8,492189567.4595,752788.85736913,2021-09-28
94,Bithumb,SAND,744.4,744.5,736,742.4,3673241145.1934,4817957.10231212,2021-09-28
95,Bithumb,GOM2,10.39,10.58,10.39,10.58,1944748715.44,184920275.17337788,2021-09-28
96,Bithumb,RINGX,31.9,31.9,30,30.25,758535140.3704,23773673.82644501,2021-09-28
97,Bithumb,BEL,1899,1909,1874,1886,75935166.9827,40303.76683234,2021-09-28
98,Bithumb,OBSR,7.857,7.994,7.672,7.8,1795616349.1709,230257178.80164462,2021-09-28
99,Bithumb,ORC,660.6,663.7,650.3,653.1,1397372005.8107,2127927.98567408,2021-09-28
100,Bithumb,POLA,90.41,90.42,89.58,89.59,202264312.2143,2256570.32514937,2021-09-28
101,Bithumb,AWO,18.27,20.99,18.02,18.1,532195839.6562,27669948.41768806,2021-09-28
102,Bithumb,ADP,59.85,60.11,58.06,59.49,1070719225.7842,17840361.407831,2021-09-28
103,Bithumb,DVI,567.6,568.7,528,532,3097759674.1684,5333276.02380236,2021-09-28
104,Bithumb,GHX,50.71,50.72,48.81,49.3,444558614.9041,8845354.16437048,2021-09-28
105,Bithumb,MIR,3426,3440,3412,3432,237747995.5443,67661.41989072,2021-09-28
106,Bithumb,MVC,23.31,23.34,22.8,22.98,4556940532.2531,194640352.47480626,2021-09-28
107,Bithumb,BLY,28.81,29.11,28.52,28.58,301093187.8158,10545067.27380459,2021-09-28
108,Bithumb,WOZX,553.3,560.9,521.1,532.1,873023197.7072,1559153.65284664,2021-09-28
109,Bithumb,ANV,875.5,875.5,868.7,868.8,5395079424.8302,6260733.5111391,2021-09-28
110,Bithumb,GRT,790.8,790.8,778.7,782.2,267466099.1012,331616.34217851,2021-09-28
111,Bithumb,MM,316.8,319.2,303.5,312.2,850008037.5634,2596168.92483243,2021-09-28
112,Bithumb,BIOT,40.27,40.3,37,37.01,119110934083.5801,2916915192.16937438,2021-09-28
113,Bithumb,XNO,91.32,91.89,88.63,89.81,27350362210.8049,303283131.47039985,2021-09-28
114,Bithumb,SNX,11700,11700,11570,11690,887895479.1859,74376.68368942,2021-09-28
115,Bithumb,RAI,597.4,608.2,597.4,604.9,195141097.2672,320055.55193709,2021-09-28
116,Bithumb,COLA,251.4,251.4,245.8,248.2,191289253.7133,754591.94626374,2021-09-28
117,Bithumb,NU,317.2,340.2,315.7,327.5,3053049010.0592,9305865.96114943,2021-09-28
118,Bithumb,OXT,366.3,367,359.7,362.7,703545770.8397,1872890.5854871,2021-09-28
119,Bithumb,LINA,40.71,40.71,40.01,40.61,229643033.5625,5568566.07908672,2021-09-28
120,Bithumb,MAP,26.11,26.11,25.67,25.67,140610998.6468,5371803.59255391,2021-09-28
121,Bithumb,AQT,3360,3360,3303,3321,215628695.5636,62234.89320086,2021-09-28
122,Bithumb,WIKEN,9.855,9.866,9.661,9.687,386407544.0016,39136789.00556344,2021-09-28
123,Bithumb,CTSI,700.2,700.2,688.9,696.3,391827374.4197,555773.94589088,2021-09-28
124,Bithumb,MANA,790.9,792.5,777,786.3,1251211268.8347,1554546.38986203,2021-09-28
125,Bithumb,LPT,20020,20050,19850,19930,850864886.2839,42071.77514843,2021-09-28
126,Bithumb,MKR,2812000,2812000,2812000,2812000,226313690.4999,80.27603719,2021-09-28
127,Bithumb,SUSHI,12170,12270,12000,12210,521316109.3499,42181.6583456,2021-09-28
128,Bithumb,ASM,45.49,45.53,42,42.72,10122543446.2196,220680601.01734366,2021-09-28
129,Bithumb,PUNDIX,1429,1429,1415,1420,1419837365.6877,977167.35684385,2021-09-28
130,Bithumb,CELR,189.7,192.9,186.9,192.9,8398653518.0818,43105747.72661477,2021-09-28
131,Bithumb,LF,696.7,701.4,681,689.9,57841840837.1909,81614766.26783287,2021-09-28
132,Bithumb,ARW,2855,2866,2831,2831,176100819.9608,61908.84898807,2021-09-28
133,Bithumb,MSB,204.8,206.3,198,201.5,11399186023.0461,54211554.0505585,2021-09-28
134,Bithumb,RLY,649.2,654.1,645.5,645.5,137590905.8682,209675.21374939,2021-09-28
135,Bithumb,OCEAN,763.2,764.3,753.6,757.8,40778443.2759,52303.79753485,2021-09-28
136,Bithumb,BFC,315.5,316.1,308.6,311.8,1085896431.888,3454262.42860511,2021-09-28
137,Bithumb,ALICE,12590,13150,12390,13080,2867480412.342,234623.17531648,2021-09-28
138,Bithumb,CAKE,22480,22660,22370,22580,394466274.9229,17600.88548855,2021-09-28
139,Bithumb,BNT,4101,4113,4066,4093,135797767.4719,32632.8294301,2021-09-28
140,Bithumb,XVS,25300,25570,25060,25300,177799483.5719,6924.69345548,2021-09-28
141,Bithumb,CHZ,307.3,309,303,304.7,255823418.7884,826535.51849885,2021-09-28
142,Bithumb,AXS,81450,81450,80100,81050,3276408475.9445,40329.0645272,2021-09-28
143,Bithumb,DAI,1229,1230,1226,1230,191316860.6645,156467.86661073,2021-09-28
144,Bithumb,MATIC,1302,1303,1293,1293,302131416.36,227672.84509533,2021-09-28
145,Bithumb,BAKE,2038,2039,1988,2016,285711002.2566,144367.15171337,2021-09-28
146,Bithumb,VELO,368.3,368.3,347.5,347.5,3077163672.1448,8916666.07593223,2021-09-28
147,Bithumb,BCD,1873,1873,1835,1846,1456279396.3033,777010.45021219,2021-09-28
148,Bithumb,XLM,320.9,322.7,318.2,322.1,48232583285.2987,148189596.32247566,2021-09-28
149,Bithumb,GXC,641,643.8,615.1,627.5,100107109.784,158984.96146232,2021-09-28
150,Bithumb,BTT,3.739,3.739,3.703,3.722,4265416088.0102,1129949845.6201517,2021-09-28
151,Bithumb,VSYS,17.81,17.81,17.28,17.52,205611374.7199,11736105.33823106,2021-09-28
152,Bithumb,IPX,34.84,34.99,33.69,34.27,181938774.559,5214953.6474403,2021-09-28
153,Bithumb,WICC,152.1,155.6,146.4,150.3,1478851791.1211,9547370.24625278,2021-09-28
154,Bithumb,ONT,901,901,887.5,895.3,776948955.27,851656.37801965,2021-09-28
155,Bithumb,LUNA,42560,42600,41610,42260,26999725363.2621,606589.26973798,2021-09-28
156,Bithumb,AION,171.9,182.3,169,170.9,326748018.1933,1888588.36436333,2021-09-28
157,Bithumb,META,99.3,99.77,96.78,97.3,880585365.2911,8909708.55835985,2021-09-28
158,Bithumb,KLAY,1296,1303,1285,1292,22810534441.1366,17578629.8050562,2021-09-28
159,Bithumb,ONG,1261,1264,1249,1249,2747192995.6641,2147178.52673293,2021-09-28
160,Bithumb,ALGO,2002,2002,1969,1993,3241616050.346,1580434.266274,2021-09-28
161,Bithumb,JST,73.41,73.44,72.68,73.22,382339826.724,5150939.09574053,2021-09-28
162,Bithumb,XTZ,7360,7360,7085,7115,4526060149.7301,611456.485065,2021-09-28
163,Bithumb,MLK,1115,1119,1108,1110,1116275035.9122,985725.30472014,2021-09-28
164,Bithumb,WEMIX,1571,1572,1499,1539,97486497396.1223,67414707.53546739,2021-09-28
165,Bithumb,DOT,33460,33490,32970,33240,53461926855.3227,1576353.52346989,2021-09-28
166,Bithumb,ATOM,43980,44090,42900,43070,9321236688.8038,208149.53621434,2021-09-28
167,Bithumb,SSX,66.66,66.66,66.16,66.39,746892329.6002,10981185.09362827,2021-09-28
168,Bithumb,TEMCO,6.333,6.333,6.205,6.319,453290698.3393,71016019.47345176,2021-09-28
169,Bithumb,HIBS,4.099,4.099,3.9,3.946,688864496.7131,171775260.58295897,2021-09-28
170,Bithumb,BURGER,3903,3903,3840,3874,1190749448.2403,302081.8566407,2021-09-28
171,Bithumb,DOGE,243.8,244.9,242.6,244.5,56638247706.3053,230972804.63955595,2021-09-28
172,Bithumb,KSM,411000,411000,396500,400700,994601640.4033,2493.45977602,2021-09-28
173,Bithumb,CTK,1749,1760,1726,1726,182567028.4167,102923.61547427,2021-09-28
174,Bithumb,XYM,127.8,128.3,126.5,126.5,97122125.4184,757648.5060084,2021-09-28
175,Bithumb,BNB,414100,414700,410600,413100,33666387502.0596,81484.03385905,2021-09-28
176,Bithumb,SUN,30.22,30.32,29.91,30.19,348742563.3308,11384647.0140797,2021-09-28
177,Bithumb,XEC,0.3201,0.3358,0.3125,0.3344,94207376864.058,296768424050.98302984,2021-09-28
178,Bithumb,PCI,719.6,719.6,713.1,713.8,487782355.8138,669044.55788615,2021-09-28
179,Bithumb,SOL,163100,163100,160000,161500,13512789454.2289,81229.51240688,2021-09-28
180,Coinone,XEC,0.2809,0.3492,0.275,0.3352,22073392889.362873,65851410767.789,2021-09-28
181,Coinone,DOGE,246.1,249.0,242.3,244.6,1515893808.00316,6197439.9346,2021-09-28
182,Coinone,FIS,1979.0,1979.0,1979.0,1979.0,0.0,0.0,2021-09-28
183,Coinone,CRO,191.3,191.3,183.1,183.1,3439647.00369,18785.6199,2021-09-28
184,Coinone,LIT,4048.0,4048.0,3860.0,3860.0,34258971.046000004,8875.3811,2021-09-28
185,Coinone,MEGA,191.2,191.7,183.0,188.8,257100024.86944005,1361758.6063,2021-09-28
186,Coinone,TVK,220.9,220.9,220.9,220.9,958154.43479,4337.5031,2021-09-28
187,Coinone,PHA,812.0,855.0,752.0,758.0,202843070.968,267602.996,2021-09-28
188,Coinone,ICX,1855.0,1897.0,1770.0,1770.0,16375084.377,9251.4601,2021-09-28
189,Coinone,UNI,27750.0,30840.0,27250.0,29700.0,106097829.75,3572.3175,2021-09-28
190,Coinone,FIL,74000.0,76000.0,68550.0,69300.0,2092332162.69,30192.3833,2021-09-28
191,Coinone,ATT,141.35,165.0,110.92,114.97,17388000717.76359,151239460.0136,2021-09-28
192,Coinone,LZM,204.2,239.9,201.3,205.7,95885981.06086999,466144.7791,2021-09-28
193,Coinone,MLK,1177.0,1180.0,1103.0,1112.0,58704849.116,52792.1305,2021-09-28
194,Coinone,POD,6.898,6.898,6.006,6.383,3648214.5221639005,571551.7033,2021-09-28
195,Coinone,CAD,1.183,1.4,1.12,1.215,335198309.2557525,275883382.1035,2021-09-28
196,Coinone,VIVI,39.86,58.0,37.67,40.71,382260728.368071,9389848.4001,2021-09-28
197,Coinone,TRIX,2.09,3.098,2.085,2.345,573464511.29345,244547766.01,2021-09-28
198,Coinone,GRT,828.8,828.8,785.0,785.0,1278631.864,1628.8304,2021-09-28
199,Coinone,TOROCUS,0.8774,0.8775,0.8021,0.8134,534228658.1284669,656784679.2826,2021-09-28
200,Coinone,RUSH,7.64,8.085,7.144,7.753,3631080327.904372,468345199.0074,2021-09-28
201,Coinone,1INCH,3134.0,3184.0,3035.0,3110.0,8380695.5139999995,2694.7574,2021-09-28
202,Coinone,QTBK,1.677,3.066,1.662,2.073,119652942.6222495,57719702.1815,2021-09-28
203,Coinone,FLOW,19330.0,19330.0,18520.0,18620.0,27057740.514000002,1453.1547,2021-09-28
204,Coinone,CBK,3561.0,3611.0,3339.0,3431.0,31463496.239400003,9170.3574,2021-09-28
205,Coinone,CELEB,1634.0,1670.0,1403.0,1529.0,38839776040.9406,25402077.2014,2021-09-28
206,Coinone,CBANK,24.73,25.0,23.25,23.61,224174950.89644098,9494915.3281,2021-09-28
207,Coinone,LINA,42.0,42.0,40.16,40.16,4451464.000336,110843.2271,2021-09-28
208,Coinone,KSP,21970.0,22510.0,21390.0,21500.0,960201410.0500001,44660.5307,2021-09-28
209,Coinone,AVAX,84080.0,84990.0,78210.0,78850.0,3093173698.585,39228.5821,2021-09-28
210,Coinone,BASIC,15.051,15.493,13.689,14.064,316990238.867136,22539123.924,2021-09-28
211,Coinone,DON,1522.0,1540.0,1411.0,1522.0,130391291.9834,85671.0197,2021-09-28
212,Coinone,MIR,3571.0,3571.0,3425.0,3436.0,3104937.6204,903.6489,2021-09-28
213,Coinone,HANDY,40.01,40.05,35.11,35.98,713290372.279632,19824635.1384,2021-09-28
214,Coinone,BMP,24.47,25.23,23.08,23.25,7115289909.994049,306033974.6234,2021-09-28
215,Coinone,ORC,661.1,673.0,648.0,652.2,1322004579.4593601,2026992.6088,2021-09-28
216,Coinone,DVI,601.1,609.9,550.0,556.7,117149577.5714,210435.742,2021-09-28
217,Coinone,PICA,20.38,20.59,19.15,20.02,182595713.72042,9120665.021,2021-09-28
218,Coinone,MVC,24.13,24.96,22.92,23.07,1026942385.387218,44514190.9574,2021-09-28
219,Coinone,BEL,1950.0,1950.0,1845.0,1895.0,54237489.328,28621.3664,2021-09-28
220,Coinone,TMC,2.795,4.495,2.795,3.505,23710782.7221725,6764845.2845,2021-09-28
221,Coinone,TEN,228.8,228.8,228.8,228.8,0.0,0.0,2021-09-28
222,Coinone,CKB,14.08,14.08,14.01,14.02,728771.324926,51980.8363,2021-09-28
223,Coinone,DIA,2853.0,2853.0,1813.0,1813.0,14496.748000000001,7.996,2021-09-28
224,Coinone,CTSI,722.7,725.2,688.8,693.2,29973078.6244,43238.717,2021-09-28
225,Coinone,STND,520.8,550.0,450.0,483.4,299195786.89465994,618940.3949,2021-09-28
226,Coinone,SXP,2560.0,2574.0,2480.0,2498.0,47533227.2226,19028.5137,2021-09-28
227,Coinone,KSM,395400.0,409500.0,388000.0,409200.0,5810967.359999999,14.2008,2021-09-28
228,Coinone,ACH,75.5,77.0,73.0,73.7,75622835.15204,1026090.0292,2021-09-28
229,Coinone,IPX,36.02,38.39,33.25,38.34,4198923.72396,109518.094,2021-09-28
230,Coinone,VSYS,18.11,18.12,16.06,17.7,6428334.76527,363182.7551,2021-09-28
231,Coinone,MAP,28.23,28.23,25.6,25.82,18868802.655022,730782.4421,2021-09-28
232,Coinone,BZRX,362.7,363.0,346.2,346.2,331284.04224,956.9152,2021-09-28
233,Coinone,NEST,13.99,13.99,13.99,13.99,48238.150948999995,3448.0451,2021-09-28
234,Coinone,SIX,71.0,71.0,68.81,68.81,9479497.792464001,137763.3744,2021-09-28
235,Coinone,KAI,50.0,69.88,47.01,47.01,26509.117638,563.9038,2021-09-28
236,Coinone,CRV,3025.0,3025.0,2800.0,2825.0,3475297.2025,1230.1937,2021-09-28
237,Coinone,GET,5471.0,5471.0,5471.0,5471.0,0.0,0.0,2021-09-28
238,Coinone,DODO,1505.0,1544.0,1410.0,1410.0,19436514.984,13784.7624,2021-09-28
239,Coinone,UMA,11700.0,11700.0,11700.0,11700.0,0.0,0.0,2021-09-28
240,Coinone,COMP,421000.0,421000.0,400000.0,400000.0,5237440.0,13.0936,2021-09-28
241,Coinone,KLAY,1309.0,1316.0,1278.0,1293.0,7004360076.2331,5417138.4967,2021-09-28
242,Coinone,TMTG,2.33,2.37,2.063,2.262,119384345.6810784,52778225.3232,2021-09-28
243,Coinone,JST,75.28,75.28,71.99,72.0,4820934.693600001,66957.4263,2021-09-28
244,Coinone,SHOW,543.1,800.0,494.9,596.6,308166227.81466,516537.4251,2021-09-28
245,Coinone,BORA,183.4,183.4,169.0,172.3,28578911.564620003,165867.1594,2021-09-28
246,Coinone,GOM2,10.8,11.08,10.4,10.66,169988655.716698,15946402.9753,2021-09-28
247,Coinone,FET,952.0,1200.0,800.1,998.5,2476980.3479,2480.7014,2021-09-28
248,Coinone,MCH,85.58,86.99,82.11,83.83,2405208744.3988447,28691503.5715,2021-09-28
249,Coinone,LINK,28850.0,29070.0,27710.0,27910.0,586443973.8510001,21011.9661,2021-09-28
250,Coinone,COS,25.99,25.99,20.03,25.92,1314486.133632,50713.1996,2021-09-28
251,Coinone,LBXC,0.4817,0.4997,0.4615,0.479,167201561.2688406,349063802.2314,2021-09-28
252,Coinone,ISDT,0.999,1.023,0.975,1.012,781366594.2786484,772101377.7457,2021-09-28
253,Coinone,BNT,4147.0,4147.0,4147.0,4147.0,0.0,0.0,2021-09-28
254,Coinone,BAL,24650.0,24650.0,23900.0,23900.0,1465951.91,61.3369,2021-09-28
255,Coinone,XPN,3.008,3.449,2.963,3.424,7702926.614006399,2249686.5111,2021-09-28
256,Coinone,AOA,1.608,2.0,1.608,1.681,5818174.9017364,3461139.1444,2021-09-28
257,Coinone,HIBS,4.384,4.455,3.599,3.961,150237759.5771786,37929250.0826,2021-09-28
258,Coinone,IOTX,75.88,75.88,72.41,72.41,873295.004959,12060.4199,2021-09-28
259,Coinone,CLV,1324.0,1324.0,1234.0,1234.0,6380245.5882,5170.3773,2021-09-28
260,Coinone,DRM,27.01,27.01,25.75,25.85,620812.2635550001,24015.9483,2021-09-28
261,Coinone,PCI,751.9,754.9,715.0,715.0,134802476.523,188534.9322,2021-09-28
262,Coinone,AAVE,346100.0,346100.0,327500.0,327500.0,1157941.75,3.5357,2021-09-28
263,Coinone,MSB,218.3,219.7,200.5,203.6,1926343729.047,9461413.2075,2021-09-28
264,Coinone,BAAS,2.63,2.7,2.512,2.611,382543096.4091814,146512101.2674,2021-09-28
265,Coinone,SUN,31.05,32.99,29.1,32.99,2676310.4971860005,81124.9014,2021-09-28
266,Coinone,UOS,696.7,697.6,630.1,631.3,281272087.10828996,445544.2533,2021-09-28
267,Coinone,KRT,1.022,1.0239,1.006,1.0208,212815687.9527184,208479318.1355,2021-09-28
268,Coinone,KAVA,7225.0,7225.0,6445.0,6475.0,96651393.895,14926.8562,2021-09-28
269,Coinone,ARPA,84.5,84.5,84.5,84.5,380066.0435,4497.823,2021-09-28
270,Coinone,MNR,4.718,4.754,4.202,4.267,5257073479.994302,1232030344.503,2021-09-28
271,Coinone,HUM,126.8,126.8,110.3,117.6,6300924.692159999,53579.2916,2021-09-28
272,Coinone,SOC,25.96,25.96,23.0,23.35,23324705.416670002,998916.7202,2021-09-28
273,Coinone,AUCTION,40000.0,44440.0,26540.0,28000.0,4375299.600000001,156.2607,2021-09-28
274,Coinone,BNA,27.2,27.49,24.24,24.8,1903103595.4343998,76738048.203,2021-09-28
275,Coinone,PROM,20520.0,20520.0,18810.0,19240.0,4698011.6559999995,244.1794,2021-09-28
276,Coinone,ANC,3965.0,3968.0,3600.0,3600.0,123471218.52000001,34297.5607,2021-09-28
277,Coinone,KSC,29.86,30.71,28.59,29.14,2004281701.360194,68781115.3521,2021-09-28
278,Coinone,PIB,1.672,1.692,1.602,1.638,333281461.925412,203468535.974,2021-09-28
279,Coinone,NFUP,28.77,58.8,27.2,34.7,1689564145.01061,48690609.3663,2021-09-28
280,Coinone,REDI,2.771,2.846,2.62,2.71,507224560.123188,187167734.3628,2021-09-28
281,Coinone,DRC,25.35,26.99,25.02,26.47,5931401648.515031,224080152.9473,2021-09-28
282,Coinone,ABL,27.88,29.26,26.74,27.86,149292294.33724198,5358660.9597,2021-09-28
283,Coinone,ISR,19.71,22.08,18.46,20.55,87595981.498305,4262578.1751,2021-09-28
284,Coinone,STPL,26.14,26.36,24.51,24.74,562843984.209774,22750363.1451,2021-09-28
285,Coinone,FLETA,12.48,13.13,11.54,11.6,798575272.3193599,68842695.8896,2021-09-28
286,Coinone,SKLAY,1376.0,1408.0,1354.0,1355.0,18169777.7855,13409.4301,2021-09-28
287,Coinone,BAT,765.6,765.6,725.0,725.0,12160559.705,16773.1858,2021-09-28
288,Coinone,LUNA,46220.0,48190.0,41750.0,42390.0,7070685856.893001,166800.7987,2021-09-28
289,Coinone,AIP,1.087,1.189,1.049,1.084,755929551.5055308,697351984.7837,2021-09-28
290,Coinone,NEO,46800.0,47050.0,45000.0,45300.0,168006805.35,3708.7595,2021-09-28
291,Coinone,ASM,47.12,51.14,42.09,43.91,1282667854.065799,29211292.5089,2021-09-28
292,Coinone,DAD,231.8,239.7,170.8,184.2,8933714.14656,48500.0768,2021-09-28
293,Coinone,HINT,7.741,8.739,7.713,8.111,15871704.603421701,1956812.3047,2021-09-28
294,Coinone,SAND,781.1,790.5,738.1,741.0,55643507.45069999,75092.4527,2021-09-28
295,Coinone,EGG,4.748,4.811,4.715,4.742,21754780.6403154,4587680.4387,2021-09-28
296,Coinone,STPT,55.96,58.7,55.96,58.7,356885.29312000005,6079.8176,2021-09-28
297,Coinone,AMO,2.437,2.78,2.259,2.443,52925508.5817458,21664145.9606,2021-09-28
298,Coinone,SNX,12300.0,12440.0,11630.0,11630.0,11617697.786,998.9422,2021-09-28
299,Coinone,TRCL,12.12,12.95,11.35,12.03,103905813.292578,8637224.7126,2021-09-28
300,Coinone,IDV,22.15,28.0,21.25,24.64,1161653051.335392,47145010.2003,2021-09-28
301,Coinone,MATIC,1350.0,1358.0,1295.0,1307.0,155760800.951,119174.293,2021-09-28
302,Coinone,KDAG,363.3,363.3,363.3,363.3,63711.81201,175.3697,2021-09-28
303,Coinone,TOMOE,2495.0,2497.0,2463.0,2463.0,889731.9033,361.2391,2021-09-28
304,Coinone,BSV,158000.0,185000.0,155400.0,156000.0,58890592.800000004,377.5038,2021-09-28
305,Coinone,BTT,3.866,3.878,3.709,3.728,378356350.7069792,101490437.4214,2021-09-28
306,Coinone,CAMP,0.2493,0.2685,0.24,0.2667,23960763.181030832,89841631.7249,2021-09-28
307,Coinone,DOT,34240.0,34880.0,33010.0,33340.0,1259878141.91,37788.7865,2021-09-28
308,Coinone,PXL,3.176,3.176,2.9,2.923,8752927.4729416,2994501.3592,2021-09-28
309,Coinone,XLM,330.4,344.7,318.7,322.4,771103853.30784,2391761.3316,2021-09-28
310,Coinone,TEMCO,6.454,6.599,6.25,6.399,6581338.010193599,1028494.7664,2021-09-28
311,Coinone,BIOT,38.75,50.19,37.18,38.46,237818557.40794802,6183529.8338,2021-09-28
312,Coinone,ADA,2651.0,2685.0,2543.0,2556.0,2749985354.8728,1075894.1138,2021-09-28
313,Coinone,DVX,1.26,1.26,1.02,1.165,24180300.375367,20755622.6398,2021-09-28
314,Coinone,OMG,10980.0,11990.0,10795.0,11205.0,495422509.99050003,44214.4141,2021-09-28
315,Coinone,BTG,62350.0,63550.0,60650.0,60800.0,14894565.120000001,244.9764,2021-09-28
316,Coinone,LUA,69.6,70.6,69.6,70.6,333891.12866,4729.3361,2021-09-28
317,Coinone,LTC,181700.0,182600.0,175600.0,178400.0,554289995.28,3107.0067,2021-09-28
318,Coinone,QTCON,15.18,16.65,14.69,14.82,253957930.28034,17136162.637,2021-09-28
319,Coinone,MOV,13.19,13.19,13.19,13.19,217677.20668099998,16503.1999,2021-09-28
320,Coinone,IOTA,1424.0,1431.0,1356.0,1360.0,388834596.168,285907.7913,2021-09-28
321,Coinone,SOBA,6.136,6.2,5.316,5.886,608106126.4007418,103313986.8163,2021-09-28
322,Coinone,PURE,15.25,24.12,14.5,17.72,784278499.6873239,44259509.0117,2021-09-28
323,Coinone,REN,1295.0,1295.0,1193.2,1196.0,1987516.1487999998,1661.8028,2021-09-28
324,Coinone,RNX,0.4465,0.4629,0.42,0.4299,1222666943.5910513,2844072909.0278,2021-09-28
325,Coinone,DATA,175.8,175.8,130.1,130.1,600028.7457999999,4612.058,2021-09-28
326,Coinone,TOM,287500.0,345000.0,270600.0,285900.0,889663276.92,3111.7988,2021-09-28
327,Coinone,EXE,2.584,2.584,2.381,2.405,201522894.323465,83793303.253,2021-09-28
328,Coinone,ASTA,24.3,24.4,22.78,23.18,5324010761.015114,229681223.5123,2021-09-28
329,Coinone,ZRX,1077.0,1077.0,1003.0,1004.0,1847424.1556000002,1840.0639,2021-09-28
330,Coinone,BCH,608000.0,613500.0,588500.0,597500.0,1597244528.5,2673.2126,2021-09-28
331,Coinone,IBP,42.36,50.05,37.0,38.2,1877487725.34734,49148893.3337,2021-09-28
332,Coinone,KNC,1717.0,1717.0,1676.0,1677.0,543188.1819,323.9047,2021-09-28
333,Coinone,ATOM,46260.0,46710.0,43000.0,43140.0,2391396638.73,55433.3945,2021-09-28
334,Coinone,ANKR,93.0,95.9,91.6,92.6,3207933.8086199993,34642.9137,2021-09-28
335,Coinone,TIP,163.1,164.8,160.0,162.9,139995178.47432,859393.3608,2021-09-28
336,Coinone,ETC,56450.0,59450.0,55050.0,56050.0,2460646212.8849998,43900.9137,2021-09-28
337,Coinone,ETH,3680000.0,3698000.0,3484000.0,3510000.0,26941687344.0,7675.6944,2021-09-28
338,Coinone,WIKEN,10.05,10.5,9.6,9.88,53814915.726780005,5446853.8185,2021-09-28
339,Coinone,BTC,52603000.0,52995000.0,50737000.0,50965000.0,42848986838.0,840.7532,2021-09-28
340,Coinone,SUSHI,12670.0,12810.0,12060.0,12270.0,66818119.365,5445.6495,2021-09-28
341,Coinone,DUCATO,1702.0,1728.0,1502.0,1564.0,150058888.84039998,95945.5811,2021-09-28
342,Coinone,MTS,15.927,17.151,15.069,16.452,1038330558.5522581,63112725.4165,2021-09-28
343,Coinone,INJ,13650.0,13650.0,11000.0,11000.0,1564673.0,142.243,2021-09-28
344,Coinone,AXS,78800.0,84750.0,70550.0,81100.0,423499861.15,5221.9465,2021-09-28
345,Coinone,FRONT,1450.0,1450.0,1450.0,1450.0,0.0,0.0,2021-09-28
346,Coinone,BFC,1.3089,1.8999,1.1757,1.3974,509370273.08127636,364512861.8014,2021-09-28
347,Coinone,ALPHA,1020.0,1026.0,1019.0,1020.0,297255.336,291.4268,2021-09-28
348,Coinone,SRM,9400.0,9515.0,8700.0,8725.0,400529450.395,45905.9542,2021-09-28
349,Coinone,FTT,65700.0,65700.0,62000.0,62150.0,253930493.63,4085.7682,2021-09-28
350,Coinone,ONX,593.2,713.0,593.0,713.0,137716.4491,193.1507,2021-09-28
351,Coinone,HARD,1102.0,1107.0,1051.0,1063.0,127447250.6727,119893.9329,2021-09-28
352,Coinone,HOT,9.55,9.56,9.33,9.38,13860063.816844001,1477618.7438,2021-09-28
353,Coinone,OGN,920.0,920.0,920.0,920.0,19999.972,21.7391,2021-09-28
354,Coinone,MBL,9.16,9.49,8.85,8.88,106142066.12556002,11952935.3745,2021-09-28
355,Coinone,MTA,724.0,724.0,691.0,691.0,525485.1155,760.4705,2021-09-28
356,Coinone,STAKE,11330.0,17000.0,11330.0,13160.0,1144712.072,86.9842,2021-09-28
357,Coinone,GAS,9860.0,9900.0,9270.0,9270.0,1966874.301,212.1763,2021-09-28
358,Coinone,BAND,8860.0,8860.0,8560.0,8560.0,271060.104,31.6659,2021-09-28
359,Coinone,ORBS,124.7,127.0,116.7,119.0,13080289.1121,109918.3959,2021-09-28
360,Coinone,ONG,1300.0,1300.0,1159.0,1270.0,4845400.139,3815.2757,2021-09-28
361,Coinone,CLB,12.25,12.29,11.75,11.89,46215654.45097,3886934.773,2021-09-28
362,Coinone,TRX,107.2,108.0,103.4,104.3,1808657064.58962,17340911.4534,2021-09-28
363,Coinone,ZIL,99.3,99.7,93.4,95.1,58772227.5696,618004.496,2021-09-28
364,Coinone,AXL,17.4,22.0,17.01,21.35,327407831.13125503,15335261.4113,2021-09-28
365,Coinone,QTUM,11520.0,11630.0,10950.0,11040.0,723667793.7600001,65549.619,2021-09-28
366,Coinone,EOS,4770.0,4825.0,4595.0,4635.0,1685188450.8630002,363578.9538,2021-09-28
367,Coinone,ONT,945.0,947.0,890.0,891.0,19666965.2157,22072.9127,2021-09-28
368,Coinone,XTZ,7600.0,7670.0,7100.0,7120.0,1655813081.752,232558.0171,2021-09-28
369,Coinone,XRP,1145.0,1150.0,1120.0,1127.0,16295327436.9501,14459030.5563,2021-09-28
370,Coinone,WNCG,1202.0,1497.0,1130.0,1180.0,376158264.79,318778.1905,2021-09-28
371,Coinone,SOL,173200.0,176700.0,159000.0,161000.0,1590869915.6,9881.1796,2021-09-28
372,Korbit,HNT,22320,22000,20720,20720,25387053.0553976,1225.24387333,2021-09-28
373,Korbit,BCH,605000,612500,589000,597000,133192678.33263,223.10331379,2021-09-28
374,Korbit,FET,947,937.8,870,885,67733268.34878191,76534.766495798776870411,2021-09-28
375,Korbit,THETA,6180,6145,5880,5880,33038354.62872,5618.767794,2021-09-28
376,Korbit,XTZ,7610,7720,7100,7105,204198434.37990502,28740.103361,2021-09-28
377,Korbit,1INCH,3228,3189,3060,3060,6714232.38888637,2194.193591139336620969,2021-09-28
378,Korbit,YFI,35841000,36337000,34707000,35734000,87914825.77817258,2.460257059891771888,2021-09-28
379,Korbit,ALPHA,1043,1027,983.5,983.5,19292445.545013305,19616.111382830000000000,2021-09-28
380,Korbit,BNB,419000,418400,408900,413800,25827746.270436,62.41601322,2021-09-28
381,Korbit,FTT,66200,65500,62100,62100,24976051.916162826,402.190852112122824748,2021-09-28
382,Korbit,SOL,173500,175300,160600,161900,898186888.9735299,5547.788072721,2021-09-28
383,Korbit,DAI,1215,1232,1212,1226,9079467.43134933,7405.764625896680829064,2021-09-28
384,Korbit,ZIL,99.93,99.75,93.75,93.75,24136004.729290027,257450.717112426950,2021-09-28
385,Korbit,FLOW,19230,19350,18570,18660,34256162.2049592,1835.80719212,2021-09-28
386,Korbit,AUDIO,2548,2534,2431,2431,9915032.289597977,4078.581772767576036208,2021-09-28
387,Korbit,UNI,27900,30000,27320,29560,143035094.9562506,4838.805648046366681623,2021-09-28
388,Korbit,MINA,5235,5230,4875,4986,127447001.18359947,25560.970955395,2021-09-28
389,Korbit,KLAY,1308,1313,1274,1295,188336610.22920766,145433.675852670,2021-09-28
390,Korbit,WBTC,54262000,52447000,49022000,52445000,307324.5533,0.00585994,2021-09-28
391,Korbit,MKR,2853000,2948000,2756000,2813000,44443797.84725042,15.799430446942913061,2021-09-28
392,Korbit,XLM,330,341.4,318.4,321.5,93779139.46800596,291692.5022333,2021-09-28
393,Korbit,USDC,1217,1230,1212,1230,18983244.451020002,15433.532074,2021-09-28
394,Korbit,AXS,80250,84050,77700,81200,121088030.28917758,1491.231900113024469797,2021-09-28
395,Korbit,UMA,11440,11300,10690,10690,3082334.0329518244,288.338076047878787879,2021-09-28
396,Korbit,MED,69.99,71.41,65,67.02,258160796.77751693,3851996.370897,2021-09-28
397,Korbit,ICP,53900,53450,51100,51400,28715897.481592003,558.67504828,2021-09-28
398,Korbit,ALGO,2100,2114,1964,1984,162225449.39283198,81766.859573,2021-09-28
399,Korbit,BTC,52550000,52920000,50755000,50979000,7337286317.38692,143.92762348,2021-09-28
400,Korbit,BAT,764.9,759.7,723,723,5162426.707130329,7140.285901978324996620,2021-09-28
401,Korbit,LRC,457.7,453.8,438,438,7606176.2027559,17365.699093050000000000,2021-09-28
402,Korbit,RLY,699.9,749.7,650,650,8511441.325275881,13094.525115809048435031,2021-09-28
403,Korbit,DOT,34400,34800,33060,33060,130691999.22248934,3953.1760200390,2021-09-28
404,Korbit,VET,108.5,109,103.9,104.3,12338226.246233141,118295.553655159552380877,2021-09-28
405,Korbit,ENJ,1577,1576,1510,1510,17609619.40525802,11661.999606131138142146,2021-09-28
406,Korbit,BCHA,263100,309900,256100,284300,677090508.237274,2381.60572718,2021-09-28
407,Korbit,AAVE,347100,346700,325600,325600,20103807.5991683,61.743880832826475850,2021-09-28
408,Korbit,ADA,2656,2690,2543,2554,433890447.03086996,169886.627655,2021-09-28
409,Korbit,SNX,12370,12430,11610,11610,43214524.93560623,3722.181303669786902043,2021-09-28
410,Korbit,CHZ,320.3,317.7,304.2,304.3,12014926.171608845,39483.819164011975137964,2021-09-28
411,Korbit,AMP,55,55.12,53.76,54.04,7167361.665997194,132630.674796395158599654,2021-09-28
412,Korbit,COMP,431600,424000,402500,402500,12268197.637325,30.479994130000000000,2021-09-28
413,Korbit,AERGO,316.9,322.5,292.5,292.5,165232975.0581475,564899.060027854620400500,2021-09-28
414,Korbit,BSV,192800,193000,187600,189000,13161852.135809999,69.63942929,2021-09-28
415,Korbit,BTT,3.861,3.853,3.698,3.706,46099779.83732753,12439228.234573,2021-09-28
416,Korbit,CRV,3083,3044,2789,2805,13242231.741026778,4720.938232095108379152,2021-09-28
417,Korbit,BAND,9335,8860,8530,8550,2650058.2080765,309.948328430000000000,2021-09-28
418,Korbit,DOGE,246.7,247.4,241.7,243.1,82580242.10255148,339696.59441609,2021-09-28
419,Korbit,ETH,3679000,3697000,3484000,3509000,4647153427.83109,1324.35264401,2021-09-28
420,Korbit,GRT,835.1,833.4,783.2,783.2,8691922.930348272,11097.960840587680126796,2021-09-28
421,Korbit,SAND,793.8,786.2,738.7,738.7,5656358.356237904,7657.179309920000000000,2021-09-28
422,Korbit,MATIC,1370,1358,1293,1293,24517999.665665805,18962.103376385000870599,2021-09-28
423,Korbit,EOS,4770,4821,4600,4636,199262601.1712,42981.5792,2021-09-28
424,Korbit,XRP,1144,1150,1120,1126,1955953112.878674,1737080.917299,2021-09-28
425,Korbit,LINK,29060,28980,27830,27960,37504654.41752565,1341.368183745552544279,2021-09-28
426,Korbit,QTUM,11570,11590,10950,10970,39097977.01309705,3564.081769653331886811,2021-09-28
427,Korbit,ATOM,46220,46770,43030,43420,236368722.87469998,5443.775285,2021-09-28
428,Korbit,STORJ,1304,1304,1242,1242,915084.70820622,736.78317891,2021-09-28
429,Korbit,SUSHI,12700,12820,12070,12100,26459103.498448778,2186.702768466840921214,2021-09-28
430,Korbit,OCEAN,831.5,799.6,761,761,6414449.56957725,8428.974467250000000000,2021-09-28
431,Korbit,ETC,56500,59300,55200,56100,414599927.400945,7390.37303745,2021-09-28
432,Korbit,TRX,107.3,107.9,103.4,104.1,144839618.8664994,1391350.805634,2021-09-28
433,Korbit,LUNA,46080,48240,41700,42180,379904245.49442005,9006.738869,2021-09-28
434,Korbit,OMG,10750,11950,10850,11170,372715457.7258718,33367.543216282164046954,2021-09-28
435,Korbit,FIL,73950,75750,68400,69200,566347787.0773234,8184.216576261899879837,2021-09-28
436,Korbit,NU,331.1,336.4,317,325.9,64186929.702339455,196952.837380605909511740,2021-09-28
437,Korbit,LTC,183400,181900,175600,178500,91020856.204425,509.92076305,2021-09-28
438,Upbit,ADA,2555.00000000,2690.00000000,2540.00000000,2680.00000000,103068928335.47366,39504665.84402393,2021-09-28 16
439,Upbit,AERGO,292.00000000,324.00000000,291.00000000,320.00000000,12612663898.67881,41290230.50952441,2021-09-28 16
440,Upbit,AHT,11.30000000,12.30000000,11.20000000,12.30000000,2859881428.534922,246134783.2373674,2021-09-28 16
441,Upbit,ANKR,91.50000000,96.90000000,91.00000000,94.70000000,4753982160.562045,50798120.41287747,2021-09-28 16
442,Upbit,AQT,3310.00000000,3650.00000000,3290.00000000,3605.00000000,6353467602.263024,1843047.59893111,2021-09-28 16
443,Upbit,ARDR,314.00000000,351.00000000,307.00000000,342.00000000,6118607394.019817,18775162.355587218,2021-09-28 16
444,Upbit,ARK,1715.00000000,1870.00000000,1690.00000000,1860.00000000,11157388865.130724,6340695.94861893,2021-09-28 16
445,Upbit,ATOM,43220.00000000,46810.00000000,43010.00000000,46460.00000000,164815829399.84244,3667668.26379504,2021-09-28 16
446,Upbit,AXS,77890.00000000,84570.00000000,77150.00000000,83500.00000000,139205604859.35013,1713878.7327179299,2021-09-28 16
447,Upbit,BAT,723.00000000,766.00000000,721.00000000,762.00000000,1866553157.8157742,2519850.44100386,2021-09-28 16
448,Upbit,BCH,590000.00000000,614400.00000000,588500.00000000,611400.00000000,23838013632.875893,39733.81088943,2021-09-28 16
449,Upbit,BCHA,279850.00000000,352500.00000000,277500.00000000,347600.00000000,1497491770524.6987,4622503.30115395,2021-09-28 16
450,Upbit,BORA,169.00000000,184.00000000,168.00000000,183.00000000,7038126933.401767,40385909.49297729,2021-09-28 16
451,Upbit,BSV,208400.00000000,225950.00000000,206000.00000000,222500.00000000,37905256684.65385,173047.66398067,2021-09-28 16
452,Upbit,BTC,51004000.00000000,52955000.00000000,50801000.00000000,52795000.00000000,315233008987.941,6118.17422192,2021-09-28 16
453,Upbit,BTG,60120.00000000,64450.00000000,59650.00000000,63880.00000000,37558556376.86423,599682.94498302,2021-09-28 16
454,Upbit,BTT,3.72000000,3.90000000,3.70000000,3.87000000,28924353861.334488,7662610929.156045,2021-09-28 16
455,Upbit,CBK,3350.00000000,3685.00000000,3320.00000000,3575.00000000,7245162493.84314,2099472.51136276,2021-09-28 16
456,Upbit,CHZ,304.00000000,320.00000000,303.00000000,318.00000000,6112412439.926634,19712589.76671101,2021-09-28 16
457,Upbit,CRE,10.00000000,11.00000000,10.00000000,9.99000000,9778306143.576347,945025763.1800262,2021-09-28 16
458,Upbit,CRO,182.00000000,194.00000000,180.00000000,193.00000000,4304209550.191647,23157493.60623774,2021-09-28 16
459,Upbit,CVC,490.00000000,529.00000000,489.00000000,519.00000000,14534380854.00865,28707191.92993989,2021-09-28 16
460,Upbit,DAWN,2975.00000000,3170.00000000,2950.00000000,3160.00000000,12435515975.29634,4098752.58887762,2021-09-28 16
461,Upbit,DKA,129.00000000,143.00000000,128.00000000,142.00000000,12023905752.531448,88447696.37385695,2021-09-28 16
462,Upbit,DOGE,243.00000000,249.00000000,241.00000000,248.00000000,62270016993.63841,254076369.96986943,2021-09-28 16
463,Upbit,DOT,33180.00000000,34960.00000000,33060.00000000,34590.00000000,80588314527.2901,2378323.28211731,2021-09-28 16
464,Upbit,ELF,708.00000000,785.00000000,695.00000000,764.00000000,25380250080.415558,34820137.07779557,2021-09-28 16
465,Upbit,ENJ,1510.00000000,1595.00000000,1505.00000000,1580.00000000,3547341489.2344646,2296574.35853311,2021-09-28 16
466,Upbit,EOS,4615.00000000,4835.00000000,4590.00000000,4790.00000000,51527842184.49611,10991260.47456325,2021-09-28 16
467,Upbit,ETC,55330.00000000,59560.00000000,55100.00000000,58020.00000000,124312624770.93065,2180936.71141805,2021-09-28 16
468,Upbit,ETH,3500000.00000000,3701000.00000000,3485000.00000000,3671000.00000000,281608773998.2359,78760.90392744,2021-09-28 16
469,Upbit,FCT2,150.00000000,162.00000000,148.00000000,161.00000000,4745389144.623941,30888510.36910124,2021-09-28 16
470,Upbit,FLOW,18590.00000000,19420.00000000,18520.00000000,19330.00000000,22784923251.043354,1206617.04003407,2021-09-28 16
471,Upbit,GAS,9100.00000000,9855.00000000,9070.00000000,9810.00000000,32334300917.880726,3349457.9287538403,2021-09-28 16
472,Upbit,GLM,516.00000000,590.00000000,512.00000000,561.00000000,5060511380.617613,9221643.0619784,2021-09-28 16
473,Upbit,GRS,877.00000000,938.00000000,872.00000000,935.00000000,2051340100.779833,2287358.49038512,2021-09-28 16
474,Upbit,HBAR,379.00000000,411.00000000,377.00000000,410.00000000,25543541161.515057,65472757.583564505,2021-09-28 16
475,Upbit,HIVE,641.00000000,703.00000000,637.00000000,693.00000000,3692481305.8354115,5551459.74122781,2021-09-28 16
476,Upbit,HUM,117.00000000,128.00000000,115.00000000,128.00000000,3783966782.095947,31497474.71114804,2021-09-28 16
477,Upbit,HUNT,717.00000000,797.00000000,704.00000000,774.00000000,20814753826.161583,27794408.82581164,2021-09-28 16
478,Upbit,ICX,1765.00000000,1935.00000000,1760.00000000,1895.00000000,14068693824.170902,7728676.635285391,2021-09-28 16
479,Upbit,IOST,65.60000000,70.90000000,64.50000000,70.00000000,115080091474.90381,1709548450.7019851,2021-09-28 16
480,Upbit,IOTA,1355.00000000,1435.00000000,1350.00000000,1430.00000000,4296406396.091869,3098978.65415209,2021-09-28 16
481,Upbit,IQ,14.60000000,15.60000000,14.50000000,15.60000000,2144224924.8135092,143767109.81890747,2021-09-28 16
482,Upbit,JST,72.80000000,77.60000000,72.70000000,77.40000000,3718391871.96045,49975128.8161756,2021-09-28 16
483,Upbit,KAVA,6465.00000000,7235.00000000,6420.00000000,7170.00000000,8079929335.655174,1191277.27987469,2021-09-28 16
484,Upbit,KNC,1660.00000000,1765.00000000,1655.00000000,1745.00000000,4038835802.947948,2378606.38621978,2021-09-28 16
485,Upbit,LINK,27880.00000000,29100.00000000,27720.00000000,29000.00000000,34395222273.66635,1210341.16947889,2021-09-28 16
486,Upbit,LOOM,102.00000000,109.00000000,101.00000000,109.00000000,7819696619.585329,74635741.4770602,2021-09-28 16
487,Upbit,LSK,3750.00000000,4125.00000000,3715.00000000,4120.00000000,6531343978.726636,1684011.86712876,2021-09-28 16
488,Upbit,LTC,177000.00000000,183050.00000000,175550.00000000,181650.00000000,12051197360.70328,67411.16721617,2021-09-28 16
489,Upbit,MANA,781.00000000,835.00000000,780.00000000,829.00000000,15929516086.02533,19688811.61031659,2021-09-28 16
490,Upbit,MBL,8.61000000,9.21000000,8.56000000,9.21000000,4295957651.625962,486387064.59922266,2021-09-28 16
491,Upbit,MED,65.90000000,70.80000000,64.90000000,70.70000000,8119053341.893227,119917448.17524049,2021-09-28 16
492,Upbit,META,100.00000000,99.70000000,100.00000000,99.90000000,9448294083.95779,94933959.55328265,2021-09-28 16
493,Upbit,MFT,11.20000000,12.00000000,11.10000000,11.90000000,2683585456.1165714,233775510.23957202,2021-09-28 16
494,Upbit,MLK,1110.00000000,1190.00000000,1100.00000000,1180.00000000,12697684065.9981,11150511.64454161,2021-09-28 16
495,Upbit,MOC,136.00000000,148.00000000,134.00000000,147.00000000,4626126838.590945,33182895.02439637,2021-09-28 16
496,Upbit,MTL,3340.00000000,3570.00000000,3330.00000000,3500.00000000,43739659682.873146,12685550.12753858,2021-09-28 16
497,Upbit,MVL,14.10000000,15.00000000,14.00000000,14.90000000,3886442520.096418,268547707.29129654,2021-09-28 16
498,Upbit,NEO,45000.00000000,47070.00000000,44890.00000000,46780.00000000,8990448407.159092,196545.69610705,2021-09-28 16
499,Upbit,OMG,10880.00000000,12060.00000000,10840.00000000,11850.00000000,265398602968.41022,22913041.81381648,2021-09-28 16
500,Upbit,ONG,1245.00000000,1325.00000000,1235.00000000,1325.00000000,7456065631.666901,5819975.83647955,2021-09-28 16
501,Upbit,ONT,894.00000000,949.00000000,891.00000000,939.00000000,4650026040.306209,5093559.9856327,2021-09-28 16
502,Upbit,ORBS,118.00000000,128.00000000,118.00000000,126.00000000,10341643463.404394,85230886.25190665,2021-09-28 16
503,Upbit,PLA,799.00000000,854.00000000,794.00000000,853.00000000,18910066144.672714,23084207.63247794,2021-09-28 16
504,Upbit,POLY,642.00000000,698.00000000,636.00000000,693.00000000,7855318594.659054,11876633.95915121,2021-09-28 16
505,Upbit,POWR,328.00000000,358.00000000,319.00000000,354.00000000,2740410670.3540044,8117799.5945098,2021-09-28 16
506,Upbit,PUNDIX,1425.00000000,1530.00000000,1405.00000000,1510.00000000,5435098210.616295,3735774.66945652,2021-09-28 16
507,Upbit,QKC,19.90000000,21.30000000,19.50000000,21.20000000,1590088214.637024,78445251.16318668,2021-09-28 16
508,Upbit,QTUM,10980.00000000,11650.00000000,10920.00000000,11600.00000000,22604671561.104275,2012126.65880059,2021-09-28 16
509,Upbit,REP,23420.00000000,24980.00000000,23280.00000000,24900.00000000,4238967669.5922265,176727.17348259,2021-09-28 16
510,Upbit,RFR,12.90000000,14.10000000,12.90000000,14.00000000,4375034999.6903925,326911911.94229746,2021-09-28 16
511,Upbit,SAND,740.00000000,792.00000000,737.00000000,787.00000000,29884368687.049816,39322301.71625362,2021-09-28 16
512,Upbit,SBD,7085.00000000,7485.00000000,6920.00000000,7425.00000000,3856617241.4019876,533952.5956473299,2021-09-28 16
513,Upbit,SC,16.90000000,18.00000000,16.80000000,17.90000000,5939883852.011404,342100758.8828079,2021-09-28 16
514,Upbit,SNT,84.10000000,89.10000000,83.50000000,89.00000000,4149093074.580724,48355791.37898119,2021-09-28 16
515,Upbit,SRM,8715.00000000,9490.00000000,8675.00000000,9425.00000000,136717749539.93138,15148116.74140173,2021-09-28 16
516,Upbit,SSX,66.20000000,70.70000000,65.40000000,70.60000000,5175272265.602087,75996302.21004748,2021-09-28 16
517,Upbit,STEEM,532.00000000,582.00000000,527.00000000,577.00000000,4263511629.493519,7790693.36105481,2021-09-28 16
518,Upbit,STMX,29.30000000,31.40000000,29.20000000,31.20000000,4594639724.923387,152408872.56998622,2021-09-28 16
519,Upbit,STORJ,1220.00000000,1295.00000000,1215.00000000,1285.00000000,2883891789.1901236,2301610.42343478,2021-09-28 16
520,Upbit,STPT,57.50000000,65.40000000,56.90000000,63.00000000,23822103882.672325,387903909.2222983,2021-09-28 16
521,Upbit,STRAX,2085.00000000,2245.00000000,2060.00000000,2230.00000000,7958829614.826249,3728801.57244042,2021-09-28 16
522,Upbit,STRK,56100.00000000,59650.00000000,55550.00000000,59550.00000000,4735582003.69092,82459.45823277,2021-09-28 16
523,Upbit,STX,1425.00000000,1520.00000000,1410.00000000,1515.00000000,10395733691.900322,7150042.79190875,2021-09-28 16
524,Upbit,SXP,2480.00000000,2595.00000000,2470.00000000,2580.00000000,21678017002.3865,8571477.20660376,2021-09-28 16
525,Upbit,TFUEL,314.00000000,331.00000000,312.00000000,328.00000000,3918708177.588183,12266588.616613619,2021-09-28 16
526,Upbit,THETA,5890.00000000,6220.00000000,5870.00000000,6170.00000000,5461073463.429499,909068.63733053,2021-09-28 16
527,Upbit,TON,7670.00000000,8375.00000000,7600.00000000,8320.00000000,12912021821.75216,1640002.13634553,2021-09-28 16
528,Upbit,TRX,104.00000000,108.00000000,103.00000000,108.00000000,36630595743.01026,348507649.36811763,2021-09-28 16
529,Upbit,TT,10.50000000,11.60000000,10.50000000,11.50000000,5066465633.779458,463533939.9878297,2021-09-28 16
530,Upbit,UPP,189.00000000,204.00000000,185.00000000,202.00000000,7368109974.945661,38032311.59114568,2021-09-28 16
531,Upbit,VET,104.00000000,109.00000000,103.00000000,109.00000000,27134691650.79278,255743009.40252137,2021-09-28 16
532,Upbit,WAVES,27920.00000000,31520.00000000,27600.00000000,30380.00000000,41999376862.76477,1416449.65384051,2021-09-28 16
533,Upbit,WAXP,243.00000000,262.00000000,241.00000000,261.00000000,6932636544.259611,27875623.63651729,2021-09-28 16
534,Upbit,XEM,169.00000000,178.00000000,167.00000000,177.00000000,7600417329.507324,44306041.21009021,2021-09-28 16
535,Upbit,XLM,320.00000000,343.00000000,318.00000000,334.00000000,14268679709.379728,43941889.81172879,2021-09-28 16
536,Upbit,XRP,1125.00000000,1155.00000000,1120.00000000,1145.00000000,259574586103.06082,228560935.83936235,2021-09-28 16
537,Upbit,XTZ,7215.00000000,7690.00000000,7105.00000000,7590.00000000,139076688210.46304,18755372.89175449,2021-09-28 16
538,Upbit,ZIL,94.00000000,99.70000000,93.20000000,99.30000000,5757486719.479496,59764139.43784813,2021-09-28 16
539,Upbit,ZRX,1010.00000000,1080.00000000,1005.00000000,1075.00000000,2474200163.5827384,2387711.98222769,2021-09-28 16
540,Gopax,ETH,0.06760004,0.06976682,0.0676,0.06841389,1.486488642426781,21.72787781,2021-09-28 16
541,Gopax,BCH,0.0115804,0.01210745,0.01150696,0.01172494,0.0808677986407086,6.89707569,2021-09-28 14
542,Gopax,XLM,0.00000639,0.00000664,0.00000622,0.00000634,0.0979529112188244,15449.98599666,2021-09-28 14
543,Gopax,LTC,0.0034222,0.003517,0.00332601,0.003517,0.02254414289572,6.41004916,2021-09-28 14
544,Gopax,REQ,0.00000201,0.00000385,0.00000201,0.0000035,0.028805203774025002,8230.05822115,2021-09-28 11
545,Gopax,CND,2.8e-7,2.8e-7,2.8e-7,2.8e-7,0.002050240758874,7322.28842455,2021-09-28 11
546,Gopax,SNT,0.00000132,0.00000135,0.00000131,0.00000135,0.032122986589107,23794.80488082,2021-09-28 09
547,Gopax,ZRX,0.00002098,0.00002099,0.00001581,0.00001999,0.0574107244854962,2871.97221038,2021-09-28 14
548,Gopax,CVC,0.00000979,0.00000993,0.00000969,0.00000969,0.0603847600724718,6231.65738622,2021-09-28 07
549,Gopax,EOS,0.000091,0.000093,0.00009,0.00009,0.21330858081960002,2370.09534244,2021-09-28 16
550,Gopax,OMG,0.000217,0.00023,0.000217,0.000223,0.061211613553800004,274.4915406,2021-09-28 14
551,Gopax,QTUM,0.000222,0.000236,0.000183,0.00022,0.10181546904540001,462.79758657,2021-09-28 10
552,Gopax,ELF,0.0000126,0.0000126,0.00001258,0.00001258,0.00403010364,320.358,2021-09-28 13
553,Gopax,XRP,0.00002174,0.00002392,0.00002098,0.0000221,3.9612972679407004,179244.22026881,2021-09-28 16
554,Gopax,MKR,0.0058,0.08,0.0058,0.0071,0.0007273676650000001,0.10244615,2021-09-26 16
555,Gopax,ZIL,0.00000191,0.00000195,0.00000118,0.00000123,0.0065213585061564,5301.91748468,2021-09-28 03
556,Gopax,LOOM,0.00000207,0.00000209,0.00000201,0.00000209,0.0271768650821888,13003.28472832,2021-09-28 15
557,Gopax,GLM,0.00001041,0.00001058,0.00000277,0.00001031,0.043288670420087494,4198.70712125,2021-09-28 16
558,Gopax,REP,0.00041999,0.00041999,0.00041999,0.00041999,0.00012784587577810002,0.30440219,2021-09-28 07
559,Gopax,KNC,0.0000335,0.0000339,0.00003236,0.0000326,0.046016077845824,1411.53613024,2021-09-28 08
560,Gopax,GNO,0.00292,0.004999,0.00292,0.004999,0.0133199149841,2.6645159,2021-09-28 14
561,Gopax,ANT,0.00006031,0.000085,0.00006021,0.000085,0.00877438379355,103.22804463,2021-09-28 12
562,Gopax,QSP,7.5e-7,8.9e-7,7.5e-7,8.9e-7,0.006997543353705099,7862.40826259,2021-09-28 05
563,Gopax,BAT,0.00001435,0.00001435,0.00001425,0.00001427,0.017615356114221603,1234.43280408,2021-09-28 16
564,Gopax,IOST,0.00000133,0.00000133,0.0000013,0.00000131,0.0316957735002687,24195.24694677,2021-09-28 09
565,Gopax,AERGO,0.00000679,0.00000679,0.00000466,0.00000494,0.014994898301877,3035.40451455,2021-09-28 14
566,Gopax,CRO,0.00000365,0.00000365,0.00000357,0.00000357,0.0230497218741048,6456.50472664,2021-09-28 15
567,Gopax,HOT,1.8e-7,1.8e-7,1.7e-7,1.8e-7,0.0871683060231018,484268.36679501,2021-09-28 11
568,Gopax,ENJ,0.00002981,0.0000299,0.00002981,0.0000299,0.0038554602807110002,128.94515989,2021-09-28 14
569,Gopax,LYM,1.6e-7,1.8e-7,1.6e-7,1.7e-7,0.0151018312571437,88834.30151261,2021-09-28 05
570,Gopax,LUNA,0.00085581,0.00085737,0.00079183,0.00082645,0.07804009474082949,94.42808971,2021-09-28 14
571,Gopax,AIN,0.00000122,0.00000122,0.00000122,0.00000122,0.0001309999999996,107.37704918,2021-09-28 14
572,Gopax,HUM,0.00000236,0.00000236,0.00000124,0.00000219,0.015216194116498502,6948.03384315,2021-09-28 13
573,Gopax,KRT,4e-8,4e-8,2e-8,2e-8,0.0403086230607408,2015431.15303704,2021-09-28 14
574,Gopax,VNXLU,2.6e-7,2.6e-7,1.1e-7,2e-7,0.024549963026152,122749.81513076,2021-09-28 15
575,Gopax,OGN,0.00001719,0.00001719,0.00000953,0.00000953,0.0009154724233012,96.06216404,2021-09-28 13
576,Gopax,HUNT,0.0000146,0.00001461,0.00001417,0.00001417,0.010819191720607399,763.52799722,2021-09-28 14
577,Gopax,CTC,0.00006009,0.00006469,0.000053,0.00005808,49.827245506712416,857907.11960593,2021-09-28 16
578,Gopax,LINK,0.00055213,0.00056107,0.00054224,0.00054954,0.021465710884065597,39.06123464,2021-09-28 14
579,Gopax,FTT,0.00123366,0.0012343,0.00121364,0.00121364,0.09919289710061,81.73173025,2021-09-28 15
580,Gopax,SRM,0.00017547,0.0001772,0.00017067,0.00017067,0.0725514290585565,425.09772695,2021-09-28 16
581,Gopax,UNI,0.00054645,0.00058218,0.00053,0.00057912,0.0503429793931896,86.93013433,2021-09-28 13
582,Gopax,BLY,5.1e-7,5.3e-7,5.1e-7,5.2e-7,0.7435929819409677,1429986.50373263,2021-09-28 14
583,Gopax,AQT,0.0000497,0.00005122,0.0000497,0.00005122,0.0007546334401606,14.73317923,2021-09-28 11
584,Gopax,XTL,3e-8,3e-8,2e-8,2e-8,0.09762666690735061,4881333.34536753,2021-09-28 14
585,Gopax,EVZ,7.1e-7,7.1e-7,7e-7,7e-7,0.0021357343694539998,3051.04909922,2021-09-27 11
586,Gopax,EL,1.5e-7,1.5e-7,1.3e-7,1.3e-7,0.0480248955176822,369422.27321294,2021-09-28 14
587,Gopax,MQL,7.3e-7,7.5e-7,6.1e-7,6.2e-7,0.44648883218039215,720143.27771031,2021-09-28 16
588,Gopax,LDN,0.00001294,0.0000132,0.0000124,0.0000124,0.058001673333392005,4677.55430108,2021-09-28 14
589,Gopax,AAVE,0.00662723,0.00662723,0.00641357,0.00641357,0.0356519727731796,5.55883428,2021-09-25 15
590,Gopax,SNX,0.00023319,0.00023437,0.00023276,0.00023319,0.009413401868740802,40.36794832,2021-09-28 12
591,Gopax,ASM,5e-7,7.9e-7,4.4e-7,7.9e-7,0.0077353446139609,9791.57546071,2021-09-28 05
592,Gopax,CANDY,7e-8,1.2e-7,5e-8,1.2e-7,0.008740293953350799,72835.78294459,2021-09-28 12
593,Gopax,BERRY,7e-8,7e-8,5e-8,6e-8,0.7484111084775641,12473518.47462607,2021-09-28 16
594,Gopax,KTT,0.00000208,0.00000208,0.00000101,0.00000202,0.0482282032310234,23875.34813417,2021-09-28 09
595,Gopax,SOBA,1.1e-7,1.2e-7,9e-8,9e-8,0.0628177333777713,697974.81530857,2021-09-28 15
596,Gopax,MCT,1.3e-7,1.6e-7,1.1e-7,1.5e-7,0.8831310612455145,5887540.40830343,2021-09-28 16
597,Gopax,SUSHI,0.00024616,0.00024616,0.00023869,0.00023869,0.0071038302791346,29.76174234,2021-09-28 14
598,Gopax,CRV,0.0000597,0.00006011,0.00005576,0.00005576,0.0260626148976736,467.40701036,2021-09-27 23
599,Gopax,YFI,0.67874245,0.6970411,0.67874245,0.69364014,0.08477451988076039,0.12221686,2021-09-28 15
600,Gopax,COMP,0.00833176,0.00833176,0.00796106,0.00796106,0.023375996471077604,2.93629196,2021-09-28 08
601,Gopax,UMA,0.00011393,0.0004,0.00011393,0.000211,0.11233944788867,532.41444497,2021-09-28 15
602,Gopax,1INCH,0.0000637,0.0000637,0.00005261,0.00006001,0.0023679377399249,39.45905249,2021-09-28 00
603,Gopax,BAL,0.00048404,0.00048404,0.00046599,0.00046599,0.009791048790348,21.0112852,2021-09-28 01
604,Gopax,BNT,0.00008005,0.00008005,0.00008005,0.00008005,0.0003300553597525,4.12311505,2021-09-25 15
605,Gopax,OXY,0.000047,0.00004758,0.00004699,0.00004758,0.0519320182667988,1091.46738686,2021-09-28 08
606,Gopax,MAPS,0.00002008,0.00002008,0.00001955,0.00001955,0.002427652392368,124.17659296,2021-09-28 13
607,Gopax,LED,0.00000951,0.00001081,0.000009,0.00000985,2.118882541431569,215114.97882554,2021-09-28 16
608,Gopax,LAND,4e-8,5e-8,3e-8,5e-8,0.305577877814284,6111557.55628568,2021-09-28 15
609,Gopax,BCHA,0.00462106,0.00649999,0.00462106,0.00579999,0.3878022689262456,66.86257544,2021-09-28 15
610,Gopax,DOGE,0.00000465,0.00000482,0.00000464,0.00000475,0.4646746649491375,97826.24525245,2021-09-28 16
